day,block,mint,pool,v,mslot,s0,k,landing_slot,status,exit_type,hold_slots,spot_drift,exec_ratio,ssb,nearby_lamports,size,fee,pnl_nofail,pnl_live,pnl_flat,pnl_press,p_press,pick,score
2026-08-15,explore-0814,Mint01,Pool01,17620000000,1000000,1000002,3,1000005,filled,tp,74,-0.026879396667776834,0.9789276605691382,0,3001384337.0,500000000,55000,275436710.70384216,270993296.0150705,234112954.09826583,197536962.1234307,0.28276621601930846,,
2026-08-15,explore-0814,Mint02,Pool02,17590000000,1000000,1000001,3,1000004,filled,tp,74,0.13522503647678907,1.1410370846832374,0,4623825658.0,500000000,55000,326613614.86495984,321344766.2381056,277613322.6352159,226150362.8258143,0.30753873334503107,,
2026-08-15,explore-0814,Mint03,Pool03,17560000000,1000000,1000003,3,1000006,guarded,guard,0,0.18179653232116189,1.1876106326631244,0,1298609194.0,500000000,55000,-55000.0,-55000.0,-55000.0,-55000.0,0.0,,
2026-08-15,explore-0814,Mint04,Pool04,17630000000,1000000,1000003,3,1000006,filled,deadline,721,0.09449614319091793,1.100305457469056,0,0.0,500000000,55000,49119461.61886203,48326325.14113846,41743292.376032725,39517024.75275662,0.19527284183671015,,
2026-08-15,explore-0814,Mint05,Pool05,17600000000,1000000,1000002,3,1000005,filled,tp,486,0.03256494157992229,1.0383763060630806,0,3265563862.0,500000000,55000,266088929.16222227,261796285.14347675,226167339.7878889,189618741.4339402,0.28732644012958614,,
2026-08-15,explore-0814,Mint06,Pool06,17570000000,1000000,1000001,3,1000004,filled,sl,229,0.018517519100624602,1.0243279932242038,2,10561907300.0,500000000,55000,-160699684.90788096,-158108641.60291514,-136602982.1716988,-67654491.73966658,0.5791987031601425,,
2026-08-15,explore-0814,Mint07,Pool07,17640000000,1000000,1000003,3,1000006,filled,tp,273,-0.030128986324573392,0.9756767052826316,0,1657729872.0,500000000,55000,253566765.53768826,249476091.8999836,215523500.707035,188983251.31674576,0.2546449989574943,,
2026-08-15,explore-0814,Mint08,Pool08,17610000000,1000000,1000001,3,1000004,guarded,guard,0,0.21905953580153592,1.2248702167222507,0,2115948424.0,500000000,55000,-55000.0,-55000.0,-55000.0,-55000.0,0.0,,
2026-08-16,explore-0814,Mint09,Pool09,17580000000,1400000,1400003,3,1400006,filled,tp,597,0.08410838312600633,1.0899211152166477,0,1444786257.0,500000000,55000,257990027.79764485,253828011.22026348,219283273.6279981,193701466.42191523,0.2491369894797731,,
2026-08-16,explore-0814,Mint10,Pool10,17550000000,1400000,1400002,3,1400005,filled,sl,174,-0.06359296021804728,0.9422188817863452,0,3629287625.0,500000000,55000,-172674580.43058324,-169890393.6494448,-146781643.36599573,-122057929.61585492,0.2932265892923032,,
2026-08-16,explore-0814,Mint11,Pool11,17620000000,1400000,1400001,3,1400004,filled,tp,109,0.00039123991690348525,1.0061982971538184,0,1234761294.0,500000000,55000,265074625.44010305,260798341.15881106,225305181.6240876,200567945.4993388,0.24330242172554697,,
2026-08-16,explore-0814,Mint12,Pool12,17590000000,1400000,1400003,3,1400006,filled,sl,67,-0.07721335847249944,0.9285957484140064,0,886838479.0,500000000,55000,-198887937.75248146,-195680954.88550594,-169062997.08960924,-152646552.67783156,0.23256400874695018,,
2026-08-16,explore-0814,Mint13,Pool13,17560000000,1400000,1400002,3,1400005,filled,sl,93,0.09309534817073772,1.0989094485127,0,2460490941.0,500000000,55000,-173085421.96541226,-170294608.70790562,-147130858.6706004,-125922160.97509956,0.27257207405840084,,
2026-08-16,explore-0814,Mint14,Pool14,17630000000,1400000,1400003,3,1400006,filled,sl,143,-0.06848486344809823,0.9373215108936644,0,2104969176.0,500000000,55000,-146215466.3697042,-143858039.49277347,-124291396.41424856,-107466244.25730987,0.26511424788684285,,
2026-08-16,explore-0814,Mint15,Pool15,17600000000,1400000,1400002,3,1400005,filled,sl,377,0.14369707985860014,1.1495084443417587,0,2525154990.0,500000000,55000,-172759593.42704892,-169974035.46854812,-146853904.41299158,-125462925.31463993,0.27385877337644343,,
2026-08-16,explore-0814,Mint16,Pool16,17570000000,1400000,1400002,3,1400005,filled,sl,143,-0.0704280745639656,0.9353823995596136,0,4771724744.0,500000000,55000,-36265577.395686805,-35681535.82478863,-30833990.786333784,-25059237.91153003,0.3094769619854669,,
